{"cameraMode":{"drawMode":0,"name":"Shaded","section":"Shading Mode"},"sceneLighting":false,"audioPlay":false,"sceneViewState":{"showFog":true,"showMaterialUpdate":false,"showSkybox":true,"showFlares":true,"showImageEffects":true,"showParticleSystems":true},"in2DMode":false,"pivot":{"x":0.2105652391910553,"y":17.541126251220704,"z":5.39259147644043},"rotation":{"x":-0.18042974174022675,"y":0.6477797031402588,"z":-0.16183125972747804,"w":-0.7222478985786438},"size":3.6752209663391115,"orthographic":false}