{"cameraMode":{"drawMode":0,"name":"Shaded","section":"Shading Mode"},"sceneLighting":false,"audioPlay":false,"sceneViewState":{"showFog":true,"showMaterialUpdate":false,"showSkybox":true,"showFlares":true,"showImageEffects":true,"showParticleSystems":true},"in2DMode":false,"pivot":{"x":1.0190566778182984,"y":17.693937301635743,"z":5.287312030792236},"rotation":{"x":0.29279571771621706,"y":-0.12942993640899659,"z":0.040037307888269427,"w":0.9465310573577881},"size":3.860152244567871,"orthographic":false}