{"cameraMode":{"drawMode":0,"name":"Shaded","section":"Shading Mode"},"sceneLighting":false,"audioPlay":false,"sceneViewState":{"showFog":true,"showMaterialUpdate":false,"showSkybox":true,"showFlares":true,"showImageEffects":true,"showParticleSystems":true},"in2DMode":false,"pivot":{"x":-20.258546829223634,"y":-5.910012245178223,"z":4.965118408203125},"rotation":{"x":-0.09151890873908997,"y":-0.05911767855286598,"z":0.005442648660391569,"w":-0.9940336346626282},"size":52.554325103759769,"orthographic":false}