{"cameraMode":{"drawMode":0,"name":"Shaded","section":"Shading Mode"},"sceneLighting":false,"audioPlay":false,"sceneViewState":{"showFog":true,"showMaterialUpdate":false,"showSkybox":true,"showFlares":true,"showImageEffects":true,"showParticleSystems":true},"in2DMode":false,"pivot":{"x":1.5372705459594727,"y":0.23128581047058106,"z":10.718299865722657},"rotation":{"x":-0.06900479644536972,"y":0.22021037340164185,"z":-0.015619154088199139,"w":-0.9728841781616211},"size":22.754051208496095,"orthographic":false}