{"cameraMode":{"drawMode":0,"name":"Shaded","section":"Shading Mode"},"sceneLighting":false,"audioPlay":false,"sceneViewState":{"showFog":true,"showMaterialUpdate":false,"showSkybox":true,"showFlares":true,"showImageEffects":true,"showParticleSystems":true},"in2DMode":false,"pivot":{"x":-35.061973571777347,"y":2.2985196113586427,"z":-2.2716922760009767},"rotation":{"x":-0.05426600202918053,"y":-0.024863289669156076,"z":0.0013514432357624174,"w":-0.9982180595397949},"size":38.988319396972659,"orthographic":false}