{"cameraMode":{"drawMode":0,"name":"Shaded","section":"Shading Mode"},"sceneLighting":false,"audioPlay":false,"sceneViewState":{"showFog":true,"showMaterialUpdate":false,"showSkybox":true,"showFlares":true,"showImageEffects":true,"showParticleSystems":true},"in2DMode":false,"pivot":{"x":1.6485397815704346,"y":0.504010796546936,"z":1.1631250381469727},"rotation":{"x":-0.08403950929641724,"y":0.06332855671644211,"z":-0.00535193644464016,"w":-0.9944345355033875},"size":7.943805694580078,"orthographic":false}