{"cameraMode":{"drawMode":0,"name":"Shaded","section":"Shading Mode"},"sceneLighting":false,"audioPlay":false,"sceneViewState":{"showFog":true,"showMaterialUpdate":false,"showSkybox":true,"showFlares":true,"showImageEffects":true,"showParticleSystems":true},"in2DMode":false,"pivot":{"x":6.813338756561279,"y":7.418195724487305,"z":55.71674728393555},"rotation":{"x":0.12589327991008759,"y":0.03750873729586601,"z":-0.004701259080320597,"w":0.9913733005523682},"size":51.84081268310547,"orthographic":false}