{"cameraMode":{"drawMode":0,"name":"Shaded","section":"Shading Mode"},"sceneLighting":false,"audioPlay":false,"sceneViewState":{"showFog":true,"showMaterialUpdate":false,"showSkybox":true,"showFlares":true,"showImageEffects":true,"showParticleSystems":true},"in2DMode":false,"pivot":{"x":13.677789688110352,"y":20.61674690246582,"z":9.224235534667969},"rotation":{"x":0.06827231496572495,"y":-0.4548496901988983,"z":0.035038214176893237,"w":0.8873100280761719},"size":22.758041381835939,"orthographic":false}