{"cameraMode":{"drawMode":0,"name":"Shaded","section":"Shading Mode"},"sceneLighting":false,"audioPlay":false,"sceneViewState":{"showFog":true,"showMaterialUpdate":false,"showSkybox":true,"showFlares":true,"showImageEffects":true,"showParticleSystems":true},"in2DMode":false,"pivot":{"x":110.1589584350586,"y":-17.614723205566408,"z":68.33926391601563},"rotation":{"x":-0.18788167834281922,"y":-0.05536581203341484,"z":0.010608303360641003,"w":-0.9805723428726196},"size":204.9846954345703,"orthographic":false}