{"cameraMode":{"drawMode":0,"name":"Shaded","section":"Shading Mode"},"sceneLighting":false,"audioPlay":false,"sceneViewState":{"showFog":true,"showMaterialUpdate":false,"showSkybox":true,"showFlares":true,"showImageEffects":true,"showParticleSystems":true},"in2DMode":false,"pivot":{"x":1.0128551721572877,"y":20.30394744873047,"z":3.341545343399048},"rotation":{"x":0.21264056861400605,"y":0.06913474202156067,"z":-0.015043357387185097,"w":0.974612832069397},"size":2.8578836917877199,"orthographic":false}