{"cameraMode":{"drawMode":0,"name":"Shaded","section":"Shading Mode"},"sceneLighting":false,"audioPlay":false,"sceneViewState":{"showFog":true,"showMaterialUpdate":false,"showSkybox":true,"showFlares":true,"showImageEffects":true,"showParticleSystems":true},"in2DMode":false,"pivot":{"x":2.0292065143585207,"y":18.363401412963868,"z":13.568917274475098},"rotation":{"x":0.264913409948349,"y":0.44837212562561037,"z":-0.14105097949504853,"w":0.8420013785362244},"size":16.223787307739259,"orthographic":false}