{"cameraMode":{"drawMode":0,"name":"Shaded","section":"Shading Mode"},"sceneLighting":false,"audioPlay":false,"sceneViewState":{"showFog":true,"showMaterialUpdate":false,"showSkybox":true,"showFlares":true,"showImageEffects":true,"showParticleSystems":true},"in2DMode":false,"pivot":{"x":-2.6130666732788088,"y":11.097082138061524,"z":-16.846805572509767},"rotation":{"x":-0.0006212240550667048,"y":-0.9933097958564758,"z":0.1155516728758812,"w":-0.005358290858566761},"size":48.36802673339844,"orthographic":false}