{"cameraMode":{"drawMode":0,"name":"Shaded","section":"Shading Mode"},"sceneLighting":false,"audioPlay":false,"sceneViewState":{"showFog":true,"showMaterialUpdate":false,"showSkybox":true,"showFlares":true,"showImageEffects":true,"showParticleSystems":true},"in2DMode":false,"pivot":{"x":5.565762519836426,"y":8.174756050109864,"z":56.00330352783203},"rotation":{"x":0.1273493617773056,"y":0.043448030948638919,"z":-0.0055217198096215729,"w":0.990940511226654},"size":51.0276985168457,"orthographic":false}