{"cameraMode":{"drawMode":0,"name":"Shaded","section":"Shading Mode"},"sceneLighting":false,"audioPlay":false,"sceneViewState":{"showFog":true,"showMaterialUpdate":false,"showSkybox":true,"showFlares":true,"showImageEffects":true,"showParticleSystems":true},"in2DMode":false,"pivot":{"x":13.469327926635743,"y":31.061376571655275,"z":2.758368968963623},"rotation":{"x":0.22593358159065247,"y":-0.5451388955116272,"z":0.15546947717666627,"w":0.7922481298446655},"size":0.1583411693572998,"orthographic":false}