{"cameraMode":{"drawMode":0,"name":"Shaded","section":"Shading Mode"},"sceneLighting":false,"audioPlay":false,"sceneViewState":{"showFog":true,"showMaterialUpdate":false,"showSkybox":true,"showFlares":true,"showImageEffects":true,"showParticleSystems":true},"in2DMode":false,"pivot":{"x":3.3101820945739748,"y":0.3231472969055176,"z":1.227766990661621},"rotation":{"x":-0.05426600202918053,"y":-0.024863289669156076,"z":0.0013514432357624174,"w":-0.9982180595397949},"size":22.0,"orthographic":false}