{"cameraMode":{"drawMode":0,"name":"Shaded","section":"Shading Mode"},"sceneLighting":false,"audioPlay":false,"sceneViewState":{"showFog":true,"showMaterialUpdate":false,"showSkybox":true,"showFlares":true,"showImageEffects":true,"showParticleSystems":true},"in2DMode":false,"pivot":{"x":-29.531450271606447,"y":3.949840545654297,"z":10.199474334716797},"rotation":{"x":-0.037708181887865069,"y":-0.06979584693908692,"z":0.0026399963535368444,"w":-0.9968470931053162},"size":46.322021484375,"orthographic":false}