{"cameraMode":{"drawMode":0,"name":"Shaded","section":"Shading Mode"},"sceneLighting":false,"audioPlay":false,"sceneViewState":{"showFog":true,"showMaterialUpdate":false,"showSkybox":true,"showFlares":true,"showImageEffects":true,"showParticleSystems":true},"in2DMode":false,"pivot":{"x":2.42182993888855,"y":18.746240615844728,"z":12.493185997009278},"rotation":{"x":0.32361099123954775,"y":0.06411188840866089,"z":-0.02193470112979412,"w":0.9438154101371765},"size":10.342488288879395,"orthographic":false}