{"cameraMode":{"drawMode":0,"name":"Shaded","section":"Shading Mode"},"sceneLighting":false,"audioPlay":false,"sceneViewState":{"showFog":true,"showMaterialUpdate":false,"showSkybox":true,"showFlares":true,"showImageEffects":true,"showParticleSystems":true},"in2DMode":false,"pivot":{"x":8.219855308532715,"y":18.754108428955079,"z":13.116409301757813},"rotation":{"x":-0.009927560575306416,"y":-0.987097978591919,"z":0.14495709538459779,"w":-0.06761744618415833},"size":51.02769470214844,"orthographic":false}