{"cameraMode":{"drawMode":0,"name":"Shaded","section":"Shading Mode"},"sceneLighting":false,"audioPlay":false,"sceneViewState":{"showFog":true,"showMaterialUpdate":false,"showSkybox":true,"showFlares":true,"showImageEffects":true,"showParticleSystems":true},"in2DMode":false,"pivot":{"x":6.38189697265625,"y":1.3649780750274659,"z":39.024932861328128},"rotation":{"x":0.26784273982048037,"y":0.06671846657991409,"z":-0.01857815869152546,"w":0.9610106348991394},"size":49.46353530883789,"orthographic":false}