{"cameraMode":{"drawMode":0,"name":"Shaded","section":"Shading Mode"},"sceneLighting":false,"audioPlay":false,"sceneViewState":{"showFog":true,"showMaterialUpdate":false,"showSkybox":true,"showFlares":true,"showImageEffects":true,"showParticleSystems":true},"in2DMode":false,"pivot":{"x":27.501480102539064,"y":-13.19395637512207,"z":97.28372955322266},"rotation":{"x":-0.08075203001499176,"y":-0.10684242099523545,"z":0.008706456981599331,"w":-0.990953266620636},"size":129.190673828125,"orthographic":false}