{"cameraMode":{"drawMode":0,"name":"Shaded","section":"Shading Mode"},"sceneLighting":false,"audioPlay":false,"sceneViewState":{"showFog":true,"showMaterialUpdate":false,"showSkybox":true,"showFlares":true,"showImageEffects":true,"showParticleSystems":true},"in2DMode":false,"pivot":{"x":-8.404731750488282,"y":-11.413689613342286,"z":-0.6845703125},"rotation":{"x":-0.005895147565752268,"y":0.9920644760131836,"z":-0.050947193056344989,"w":-0.11479318141937256},"size":237.27830505371095,"orthographic":false}