{"cameraMode":{"drawMode":0,"name":"Shaded","section":"Shading Mode"},"sceneLighting":false,"audioPlay":false,"sceneViewState":{"showFog":true,"showMaterialUpdate":false,"showSkybox":true,"showFlares":true,"showImageEffects":true,"showParticleSystems":true},"in2DMode":false,"pivot":{"x":1.32887601852417,"y":16.554141998291017,"z":13.727027893066407},"rotation":{"x":-0.04675290361046791,"y":0.04104100540280342,"z":-0.0019227088196203113,"w":-0.9980636835098267},"size":35.68500518798828,"orthographic":false}